surface,player_id,winner_name,total_serve_points,total_1st_serve_won,total_2nd_serve_won
Hard,111456,"Mackenzie Mcdonald",984,458,217
Hard,106415,"Yoshihito Nishioka",506,235,111
Hard,111575,"Karen Khachanov",1097,562,209
Hard,106186,"Jason Kubler",242,117,58
Hard,126207,"Frances Tiafoe",987,464,227
Hard,128034,"Hubert Hurkacz",1806,977,306
Hard,132283,"Lorenzo Sonego",644,341,114
Hard,200624,"Sebastian Korda",848,392,179
Hard,106421,"Daniil Medvedev",1693,834,306
Hard,126774,"Stefanos Tsitsipas",1135,576,231
Hard,134868,"Tallon Griekspoor",420,217,77
Hard,122298,"Botic Van De Zandschulp",682,305,129
Hard,144750,"Lloyd Harris",173,80,30
Hard,144869,"Tomas Martin Etcheverry",419,212,73
Hard,206173,"Jannik Sinner",1626,743,373
Hard,111815,"Cameron Norrie",615,297,107
Hard,111153,"Christopher Eubanks",647,332,106
Hard,208103,"Jiri Lehecka",764,377,155
Hard,144684,"Alex Molcan",349,136,65
Hard,200000,"Felix Auger Aliassime",815,395,175
Hard,126094,"Andrey Rublev",1555,780,316
Hard,200325,"Emil Ruusuvuori",387,174,67
Hard,105554,"Daniel Evans",321,151,80
Hard,106045,"Denis Kudla",116,58,22
Hard,200005,"Ugo Humbert",780,378,150
Hard,208029,"Holger Rune",559,284,112
Hard,105173,"Adrian Mannarino",991,435,238
Hard,200282,"Alex De Minaur",1144,469,292
Hard,105777,"Grigor Dimitrov",1221,629,248
Hard,111513,"Laslo Djere",460,205,101
Hard,104925,"Novak Djokovic",2010,979,436
Hard,126203,"Taylor Fritz",1187,546,295
Hard,200615,"Alexei Popyrin",692,354,132
Hard,111797,"Nicolas Jarry",653,344,137
Hard,100644,"Alexander Zverev",1338,685,227
Hard,104918,"Andy Murray",767,356,170
Hard,200221,"Alejandro Davidovich Fokina",997,449,216
Hard,126205,"Tommy Paul",1857,874,395
Hard,134770,"Casper Ruud",524,266,113
Hard,202103,"Francisco Cerundolo",1022,461,186
Hard,210097,"Ben Shelton",788,410,155
Hard,111581,"Michael Mmoh",214,92,44
Hard,202385,"Jenson Brooksby",143,51,36
Hard,105138,"Roberto Bautista Agut",148,87,27
Hard,207989,"Carlos Alcaraz",1625,760,366
Hard,207733,"Jack Draper",231,99,56
Hard,104527,"Stan Wawrinka",622,263,174
Hard,106426,"Cristian Garin",198,96,35
Hard,202104,"Sebastian Baez",314,168,47
Hard,105916,"Marton Fucsovics",374,146,86
Hard,125802,"Ilya Ivashka",122,56,22
Hard,111442,"Jordan Thompson",107,55,23
Hard,105526,"Jan Lennard Struff",186,65,50
Hard,106214,"Oscar Otte",63,30,17
Hard,126555,"Tung Lin Wu",61,31,13
Hard,111460,"Quentin Halys",291,134,61
Hard,106121,"Taro Daniel",117,57,24
Hard,200175,"Miomir Kecmanovic",119,56,24
Hard,106296,"Gregoire Barrere",124,57,32
Hard,105583,"Dusan Lajovic",319,174,46
Hard,200670,"J J Wolf",271,111,57
Clay,126094,"Andrey Rublev",868,367,203
Clay,208029,"Holger Rune",1033,465,222
Clay,206173,"Jannik Sinner",359,165,94
Clay,126203,"Taylor Fritz",475,229,128
Clay,207518,"Lorenzo Musetti",582,264,129
Clay,106421,"Daniil Medvedev",719,322,137
Clay,105526,"Jan Lennard Struff",753,358,163
Clay,126774,"Stefanos Tsitsipas",907,479,165
Clay,104925,"Novak Djokovic",969,475,180
Clay,128034,"Hubert Hurkacz",658,299,144
Clay,100644,"Alexander Zverev",959,473,160
Clay,126610,"Matteo Berrettini",100,48,20
Clay,111575,"Karen Khachanov",825,382,176
Clay,134770,"Casper Ruud",958,436,201
Clay,208103,"Jiri Lehecka",291,130,51
Clay,111797,"Nicolas Jarry",468,236,98
Clay,123809,"Ivan Gakhov",98,39,21
Clay,207733,"Jack Draper",91,41,14
Clay,132283,"Lorenzo Sonego",568,276,100
Clay,202103,"Francisco Cerundolo",654,308,107
Clay,125802,"Ilya Ivashka",80,39,12
Clay,200282,"Alex De Minaur",224,92,62
Clay,122298,"Botic Van De Zandschulp",90,37,18
Clay,104527,"Stan Wawrinka",464,194,117
Clay,105777,"Grigor Dimitrov",492,230,108
Clay,200615,"Alexei Popyrin",304,151,65
Clay,207989,"Carlos Alcaraz",851,429,158
Clay,106432,"Borna Coric",840,376,197
Clay,106234,"Aslan Karatsev",482,234,106
Clay,111190,"Zhizhen Zhang",194,92,46
Clay,144719,"Jaume Munar",113,55,20
Clay,200221,"Alejandro Davidovich Fokina",464,234,68
Clay,106398,"Pedro Cachin",118,64,25
Clay,126523,"Bernabe Zapata Miralles",241,126,37
Clay,126409,"Hugo Grenier",106,43,21
Clay,106415,"Yoshihito Nishioka",494,212,95
Clay,208286,"Matteo Arnaldi",337,143,77
Clay,105870,"Yannick Hanfmann",273,137,49
Clay,105583,"Dusan Lajovic",86,45,15
Clay,126207,"Frances Tiafoe",379,166,89
Clay,126128,"Roman Safiullin",263,145,42
Clay,202104,"Sebastian Baez",158,77,30
Clay,111815,"Cameron Norrie",427,210,70
Clay,207686,"Alexander Shevchenko",303,113,81
Clay,200325,"Emil Ruusuvuori",179,79,37
Clay,111460,"Quentin Halys",79,42,18
Clay,122330,"Alexander Bublik",279,137,53
Clay,144869,"Tomas Martin Etcheverry",421,213,80
Clay,131934,"Andrea Vavassori",58,32,10
Clay,111513,"Laslo Djere",113,55,27
Clay,206681,"Fabian Marozsan",167,77,37
Clay,105916,"Marton Fucsovics",77,30,16
Clay,106426,"Cristian Garin",99,43,15
Clay,106296,"Gregoire Barrere",102,38,26
Clay,200670,"J J Wolf",57,30,12
Clay,106148,"Roberto Carballes Baena",134,72,13
Clay,104926,"Fabio Fognini",197,84,36
Clay,209950,"Arthur Fils",85,37,16
Clay,106065,"Marco Cecchinato",71,26,18
Clay,106329,"Thiago Monteiro",45,23,10
Clay,124116,"Sebastian Ofner",360,140,77
Clay,200624,"Sebastian Korda",110,46,18
Clay,134868,"Tallon Griekspoor",132,51,29
Clay,106423,"Thanasi Kokkinakis",268,130,47
Clay,200005,"Ugo Humbert",83,40,17
Clay,104792,"Gael Monfils",166,69,20
Clay,126205,"Tommy Paul",96,47,18
Clay,202058,"Thiago Agustin Tirante",136,54,27
Clay,206748,"Giulio Zeppieri",152,56,44
Clay,126845,"Max Purcell",116,54,25
Clay,205734,"Thiago Seyboth Wild",165,66,35
Clay,133430,"Denis Shapovalov",104,43,27
Clay,106218,"Marcos Giron",73,38,16
Clay,127157,"Daniel Altmaier",204,98,27
Clay,122669,"Juan Pablo Varillas",146,61,41
Grass,207989,"Carlos Alcaraz",760,368,159
Grass,106186,"Jason Kubler",157,69,26
Grass,111797,"Nicolas Jarry",222,124,38
Grass,100644,"Alexander Zverev",211,117,41
Grass,126610,"Matteo Berrettini",335,186,66
Grass,200282,"Alex De Minaur",124,51,38
Grass,126207,"Frances Tiafoe",222,104,43
Grass,208502,"Dominic Stricker",144,68,30
Grass,105777,"Grigor Dimitrov",224,115,49
Grass,200221,"Alejandro Davidovich Fokina",213,103,39
Grass,122298,"Botic Van De Zandschulp",152,73,25
Grass,106148,"Roberto Carballes Baena",128,53,34
Grass,208029,"Holger Rune",494,243,98
Grass,106421,"Daniil Medvedev",483,263,76
Grass,105173,"Adrian Mannarino",80,39,16
Grass,105916,"Marton Fucsovics",93,36,25
Grass,202103,"Francisco Cerundolo",123,60,22
Grass,208103,"Jiri Lehecka",322,172,66
Grass,126205,"Tommy Paul",217,96,56
Grass,111815,"Cameron Norrie",115,57,17
Grass,111153,"Christopher Eubanks",485,273,80
Grass,106210,"Jiri Vesely",146,75,25
Grass,111513,"Laslo Djere",319,161,64
Grass,104918,"Andy Murray",73,35,16
Grass,126774,"Stefanos Tsitsipas",428,235,85
Grass,206173,"Jannik Sinner",415,195,118
Grass,111460,"Quentin Halys",134,60,35
Grass,123755,"Daniel Elahi Galan",87,41,17
Grass,126203,"Taylor Fritz",144,72,25
Grass,105550,"Guido Pella",160,80,25
Grass,126128,"Roman Safiullin",457,227,92
Grass,134770,"Casper Ruud",107,52,25
Grass,126094,"Andrey Rublev",534,266,110
Grass,106234,"Aslan Karatsev",135,55,34
Grass,144642,"Tomas Barrios Vera",134,70,23
Grass,122330,"Alexander Bublik",279,155,55
Grass,111581,"Michael Mmoh",146,85,22
Grass,207518,"Lorenzo Musetti",192,93,36
Grass,128034,"Hubert Hurkacz",263,146,53
Grass,144869,"Tomas Martin Etcheverry",205,100,31
Grass,104527,"Stan Wawrinka",212,106,44
Grass,104925,"Novak Djokovic",610,325,134
Grass,144707,"Mikael Ymer",145,66,25
Grass,106281,"Liam Broady",127,50,36
Hard,106218,"Marcos Giron",98,37,24
Hard,104792,"Gael Monfils",309,127,84
Hard,126846,"Aleksandar Vukic",146,76,30
Hard,207518,"Lorenzo Musetti",206,90,55
Hard,126845,"Max Purcell",256,113,71
Hard,105683,"Milos Raonic",122,61,29
Hard,209113,"Gabriel Diallo",69,34,14
Hard,208286,"Matteo Arnaldi",532,236,114
Hard,106432,"Borna Coric",68,29,15
Hard,209950,"Arthur Fils",279,139,45
Hard,106331,"Christopher Oconnell",131,65,22
Hard,126610,"Matteo Berrettini",88,40,20
Hard,124116,"Sebastian Ofner",234,110,42
Hard,126128,"Roman Safiullin",307,150,57
Hard,106233,"Dominic Thiem",181,76,41
Hard,106234,"Aslan Karatsev",214,94,49
Hard,106148,"Roberto Carballes Baena",101,41,30
Hard,208502,"Dominic Stricker",282,121,74
Hard,208169,"Titouan Droguet",153,59,35
Hard,111190,"Zhizhen Zhang",208,105,37
Hard,126127,"Benjamin Bonzi",121,61,26
Hard,127339,"Borna Gojo",84,38,21
Hard,106210,"Jiri Vesely",156,71,29
Hard,206681,"Fabian Marozsan",178,91,27
Hard,106043,"Diego Schwartzman",173,82,32
Hard,200318,"Yu Hsiou Hsu",168,70,30
Hard,206909,"Brandon Nakashima",44,26,5
Hard,208014,"Rinky Hijikata",96,48,16
Hard,202358,"Chun Hsin Tseng",79,36,16
Hard,122330,"Alexander Bublik",135,70,31
Hard,127157,"Daniel Altmaier",49,28,8
